{
  "architecture": {
    "input_dim": 13,
    "hidden_dim": 32,
    "activation": "relu",
    "output_activation": "sigmoid"
  },
  "feature_names": [
    "resident_age_diff",
    "resident_time_since_last_diff",
    "resident_access_count_diff",
    "resident_frequency_diff",
    "global_age_since_first_request_diff",
    "global_time_since_last_request_diff",
    "global_total_request_count_diff",
    "last_interarrival_diff",
    "avg_interarrival_diff",
    "gap_count_diff",
    "decay_0_diff",
    "decay_1_diff",
    "decay_2_diff"
  ],
  "normalization": {
    "mean": [
      3.3639269724578855,
      -0.13433095831228334,
      0.657935996376496,
      0.00017981714046846417,
      4.903349999128966,
      -0.13433095831228334,
      0.7272790620699267,
      0.32314513178753723,
      -0.49870392773762856,
      0.7272790620699267,
      0.00019009652438954595,
      0.0007341848306565606,
      0.0034425610355642996
    ],
    "std": [
      956.4374622437804,
      126.45552456095383,
      104.82418486842487,
      0.15546807796499731,
      1640.384569394155,
      126.45552456095383,
      187.6608549497879,
      938.0997881467877,
      470.4504995450059,
      187.6608549497879,
      0.09137554772601679,
      0.30340925045310624,
      1.1006092877130351
    ]
  },
  "weights": {
    "W1": [
      [
        -0.3269099645672982,
        1.6816517394953117,
        1.4169785791356764,
        0.34693763781688874,
        -0.9407980174617939,
        1.4762060355597368,
        -0.5522652877760964,
        0.553769744324028,
        -0.6153015227232482,
        0.02905450828952284,
        0.03598914431130124,
        0.5986952314850496,
        -0.18598600742242982,
        -0.13034387130597178,
        1.0498488942317445,
        -0.2071937656270517,
        -0.6181323117915692,
        -0.5902838336605183,
        -0.5364275566195413,
        0.10337073758678142,
        0.39594507729053463,
        -1.014677507272523,
        -0.8583192027976253,
        0.3873626808401162,
        0.016703705196532394,
        0.2023992774849797,
        0.03827182031121447,
        0.41040784456076107,
        0.53889296337731,
        -0.9969055246799363,
        -1.5496243206533438,
        -0.8029679412884083
      ],
      [
        -0.3384558668950816,
        -0.20018158976327727,
        -0.9539522720480742,
        -0.6742628709085952,
        0.2232129929618352,
        -1.0048320492414204,
        0.11507704907867664,
        0.2196477626353645,
        0.28774209484258323,
        -0.5427378470706448,
        0.5233019569533021,
        0.49701689873692423,
        1.065307430249119,
        0.34428553514638643,
        0.2737542477013382,
        -0.5375976941580863,
        0.4171805451957884,
        -0.7212127360604329,
        -0.8260586549404302,
        0.5884937646188725,
        0.5367839691288311,
        0.20395217507000038,
        -0.30236675795288215,
        0.8168559312302047,
        -0.6110536840916799,
        -0.2041248313622066,
        0.6138815376608578,
        -0.14746131121378797,
        -0.22723724714862353,
        0.20656267362195227,
        0.3283994332078802,
        -0.20049322568152983
      ],
      [
        -0.14489382123639358,
        0.4415902141800835,
        0.23089789069794062,
        -0.24121830225146138,
        0.7540551042816692,
        0.4796861825869043,
        -0.34596579907848984,
        0.21369971859136894,
        0.7087424221891495,
        -0.9127330909593196,
        0.5124309905727168,
        0.1702688723104547,
        -1.237703816547066,
        0.10196607122485099,
        -0.06878174971198127,
        -0.018258940975115243,
        0.1428258674830026,
        -0.4426850378166391,
        -0.22644311811110832,
        0.38889188695591637,
        0.19898190038780098,
        0.18677977997229978,
        -0.19895670429695406,
        0.12290579525457829,
        -0.17850008739255094,
        0.506181838198313,
        -0.4865125795161652,
        -0.31823205227454704,
        0.48850958964736313,
        -0.28320187411499304,
        0.4681483312852373,
        0.22754513049114605
      ],
      [
        0.9832983872955692,
        0.10847432959670715,
        0.16581139365893352,
        -0.9015224240138331,
        -0.5111795404947204,
        0.1391159364615651,
        0.5310867179204255,
        -1.0935056143987971,
        0.054447981529100874,
        0.9984598157648472,
        0.03376519625735075,
        -0.6620882353908784,
        -0.9612435826805339,
        -0.7069934791419261,
        0.22812731531711217,
        -0.2340652497319957,
        -0.7401781987974968,
        -0.025606987824514878,
        0.9383283601000023,
        -0.7065627868082158,
        0.5523324026772163,
        -0.5985875772465024,
        1.5023635679666076,
        -0.7181202683629646,
        0.44959459591945944,
        0.5372038844012188,
        0.22850602879054557,
        0.07747184024317502,
        0.41818375566053684,
        -0.6627392525546335,
        -0.16637890084858709,
        -0.7318433705799278
      ],
      [
        -0.8393069995756992,
        -0.3351255066941853,
        0.46398337045952165,
        -0.5217981165496407,
        -0.10014824906146962,
        0.3455506135213145,
        0.30601819384563667,
        0.5582506595415725,
        0.055804357994896976,
        -0.4977525001688754,
        0.6971201706167051,
        0.47554441115093243,
        -0.11558212884637506,
        0.6441523328216971,
        0.05697282438266731,
        -0.4929473762737259,
        -0.101855737943357,
        -0.24203495699544533,
        0.04358541712725347,
        0.5480312751137415,
        -0.4539281707339127,
        -0.09856148400713625,
        0.0393353903373538,
        0.5210923687170028,
        0.17031745878996996,
        0.5384728620279983,
        0.09130224307936459,
        0.3045066056459036,
        0.3999646767911339,
        -0.15708255328644102,
        0.31642981233976586,
        -0.565133824298584
      ],
      [
        -0.18640110711491611,
        -0.3238496438394994,
        -1.1488253623928333,
        0.1038299253916915,
        0.4242342771972513,
        -0.5872399148678864,
        -0.29341569474652335,
        -0.2186898375953537,
        0.21896587862365388,
        0.1325789809814039,
        -0.0692651721206639,
        -0.3341578253594447,
        0.20264237310486694,
        -0.11151788547601811,
        0.16419876538084066,
        -0.5982673235330137,
        0.19675910353440967,
        0.013419218422214772,
        -0.22932998359632487,
        0.20167708355924632,
        -0.16288451229684703,
        -0.43177023526472263,
        -0.6132848485853429,
        -0.007831103634002395,
        0.05986549783565172,
        -0.07943510952619315,
        -0.2663745515504152,
        -0.3804005235739321,
        0.10048968638926054,
        0.4801928849069606,
        0.30885249419012656,
        0.5083070926882736
      ],
      [
        -0.3010100049860534,
        -0.24384858972948256,
        -0.12624357752103016,
        0.5638948467160375,
        0.2577334685293871,
        0.13449411632144548,
        0.33707059226000513,
        0.3107822602945487,
        -0.3161634449191705,
        0.15129231419797745,
        0.005255868318285245,
        1.059271802174209,
        0.3936789193299416,
        0.4082446906831043,
        0.5167099221423455,
        -0.6964992765835076,
        0.07942345386282205,
        0.12056773599183401,
        -0.12213466643774136,
        0.4648262942933062,
        -0.5267550276888835,
        0.14151254429707918,
        -0.5135800832545755,
        -0.15513420047772083,
        0.3833398982464495,
        0.2409207972589202,
        0.48712237491421745,
        0.5931046310474067,
        0.20507166127637774,
        -0.04829330986655447,
        -0.6365046709964561,
        0.28447674954824653
      ],
      [
        -0.06593257986663971,
        -0.05363002985513529,
