,resident_age_diff,resident_access_count_diff,global_age_since_first_request_diff,global_time_since_last_request_diff,global_total_request_count_diff,last_interarrival_diff,avg_interarrival_diff,decay_2_diff
resident_age_diff,1.0,0.6830379348488665,0.48780708064628164,0.6472097109713839,0.38103421756169836,-0.05832982879342531,-0.04882555565873535,0.48120782296634745
resident_access_count_diff,0.6830379348488665,1.0,0.5168680413040152,0.13679109697631717,0.7002273595964084,-0.23128542345596723,-0.2008182361098629,0.7791129288053835
global_age_since_first_request_diff,0.48780708064628164,0.5168680413040152,1.0,0.23462803856759834,0.7121032314656742,-0.13405695992584596,-0.19100383034300875,0.5729674964304631
global_time_since_last_request_diff,0.6472097109713839,0.13679109697631717,0.23462803856759834,1.0,-0.0316389153259175,0.21769027045239184,0.24636330178407048,0.07981066851092097
global_total_request_count_diff,0.38103421756169836,0.7002273595964084,0.7121032314656742,-0.0316389153259175,1.0,-0.3997041286511031,-0.5527048376546853,0.7886189489344638
last_interarrival_diff,-0.05832982879342531,-0.23128542345596723,-0.13405695992584596,0.21769027045239184,-0.3997041286511031,1.0,0.7944721820517998,-0.5236802891869792
avg_interarrival_diff,-0.04882555565873535,-0.2008182361098629,-0.19100383034300875,0.24636330178407048,-0.5527048376546853,0.7944721820517998,1.0,-0.37581716091934353
decay_2_diff,0.48120782296634745,0.7791129288053835,0.5729674964304631,0.07981066851092097,0.7886189489344638,-0.5236802891869792,-0.37581716091934353,1.0
