{
  "feature_columns": [
    "resident_age_diff",
    "resident_access_count_diff",
    "global_age_since_first_request_diff",
    "global_time_since_last_request_diff",
    "global_total_request_count_diff",
    "last_interarrival_diff",
    "avg_interarrival_diff",
    "decay_2_diff"
  ],
  "use_signed_log": true,
  "use_clipping": true,
  "clip_low_q": 0.005,
  "clip_high_q": 0.995,
  "clip_low": [
    -7.91927433013916,
    -5.459585666656494,
    -7.063048362731934,
    -6.240275859832764,
    -6.394886016845703,
    -6.994643688201904,
    -6.658816337585449,
    -2.106475353240967
  ],
  "clip_high": [
    7.918310165405273,
    5.451038360595703,
    7.054449558258057,
    6.240275859832764,
    6.419638156890869,
    6.99759578704834,
    6.668749809265137,
    2.10687518119812
  ],
  "mean": [
    -0.0060344114899635315,
    0.0002705399820115417,
    -0.004465854726731777,
    -0.005721856839954853,
    0.0020133736543357372,
    -0.00020258715085219592,
    -0.0002736760361585766,
    -0.00010078412014991045
  ],
  "std": [
    3.416764259338379,
    1.3900336027145386,
    3.6170151233673096,
    2.5655746459960938,
    2.2869739532470703,
    2.865487575531006,
    2.798204183578491,
    0.37337812781333923
  ]
}